{
    "format_version": "1.20.50",
    "minecraft:attachable": {
        "description": {
            "identifier": "DA:d_cut",
            "materials": {
                "default": "entity_alphatest"
            },
            "textures": {
                "default": "textures/icons/cut_icon"
            },
            "geometry": {
                "default": "geometry.d_cut"
            },
            "render_controllers": [
                "controller.render.default"
            ]
        }
    }
}