{
	"format_version": "1.10.0",
	"particle_effect": {
		"description": {
			"identifier": "DA:start_y",
			"basic_render_parameters": {
				"material": "particles_add",
				"texture": "textures/particle/particles"
			}
		},
		"curves": {
			"variable.test": {
				"type": "linear",
				"input": "v.emitter_age",
				"horizontal_range": "v.emitter_lifetime",
				"nodes": [1, 0, 0, 1, 1]
			},
			"variable.test2": {
				"type": "linear",
				"input": "v.emitter_age",
				"horizontal_range": "v.emitter_lifetime",
				"nodes": [0, 0, 1, 1, 0]
			}
		},
		"components": {
			"minecraft:emitter_initialization": {
				"creation_expression": "variable.size = 0.16;variable.radius = 0.6;"
			},
			"minecraft:emitter_local_space": {
				"position": true,
				"rotation": true
			},
			"minecraft:emitter_rate_steady": {
				"spawn_rate": 31,
				"max_particles": 60
			},
			"minecraft:emitter_lifetime_looping": {
				"active_time": 1
			},
			"minecraft:emitter_shape_point": {
				"offset": ["variable.test", 0, "variable.test2"]
			},
			"minecraft:particle_lifetime_expression": {
				"max_lifetime": 1
			},
			"minecraft:particle_initial_speed": 0,
			"minecraft:particle_motion_dynamic": {},
			"minecraft:particle_appearance_billboard": {
				"size": ["variable.size*(1-variable.particle_age)", "variable.size*(1-variable.particle_age)"],
				"facing_camera_mode": "rotate_xyz",
				"uv": {
					"texture_width": 128,
					"texture_height": 128,
					"uv": [32, 16],
					"uv_size": [32, 32]
				}
			},
			"minecraft:particle_appearance_tinting": {
				"color": [0, 0.99608, 1, 1]
			}
		}
	}
}