{
	"format_version": "1.10.0",
	"particle_effect": {
		"description": {
			"identifier": "DA:ads_DETERMINATION",
			"basic_render_parameters": {
				"material": "particles_alpha",
				"texture": "textures/particles/da_ats"
			}
		},
		"components": {
			"minecraft:emitter_rate_instant": {
				"num_particles": 1
			},
			"minecraft:emitter_lifetime_once": {
				"active_time": 1
			},
			"minecraft:emitter_shape_point": {
				"direction": [
					0,
					-2,
					0
				]
			},
			"minecraft:particle_lifetime_expression": {
				"max_lifetime": 1
			},
			"minecraft:particle_initial_speed": 15,
			"minecraft:particle_motion_dynamic": {
				"linear_acceleration": [
					0,
					25,
					0
				],
				"linear_drag_coefficient": 10
			},
			"minecraft:particle_appearance_billboard": {
				"size": [
					1.88,
					0.2
				],
				"facing_camera_mode": "rotate_xyz",
				"uv": {
					"texture_width": 562,
					"texture_height": 687,
					"uv": [
						0,
						565
					],
					"uv_size": [
						558,
						57
					]
				}
			},
			"minecraft:particle_appearance_tinting": {
				"color": {
					"interpolant": "v.particle_age / v.particle_lifetime",
					"gradient": {
						"0.0": "#FF110078",
						"1.0": "#FFA90000"
					}
				}
			}
		}
	}
}