{
	"texture_data": {
		"da_brush": {
			"textures": "textures/items/da_brush.png"
		},
		"da_art": {
			"textures": "textures/items/da_ArtSelector.png"
		},
		"da_other": {
			"textures": "textures/items/da_OtherSelector.png"
		},
		"da_automatic": {
			"textures": "textures/items/da_automatic.png"
		},
		"da_taskmanager": {
			"textures": "textures/items/da_taskmanager.png"
		},
		"da_about_me": {
			"textures": "textures/items/DA_about_me.png"
		},
		"da_chat": {
			"textures": "textures/items/DA_chat.png"
		},
		"da_eyedropper": {
			"textures": "textures/items/DA_eyedropper.png"
		}
	}
}