{
	"format_version": "1.19.0",
	"minecraft:geometry": [
		{
			"description": {
				"identifier": "geometry.da_cardboard",
				"texture_width": 64,
				"texture_height": 64
			},
			"bones": [
				{
					"name": "root_item",
					"pivot": [
						0,
						0,
						0
					],
					"binding": "q.item_slot_to_bone_name(c.item_slot)",
					"cubes": [
						{
							"origin": [
								-6,
								0,
								-6
							],
							"size": [
								12,
								8,
								12
							],
							"uv": [
								0,
								0
							]
						}
					]
				}
			]
		}
	]
}