{
	"format_version": "1.10.0",
	"particle_effect": {
		"description": {
			"identifier": "DA:num_5",
			"basic_render_parameters": {
				"material": "particles_alpha",
				"texture": "textures/particles/texts_number"
			}
		},
		"components": {
			"minecraft:emitter_rate_steady": {
				"spawn_rate": 400,
				"max_particles": 1
			},
			"minecraft:emitter_lifetime_once": {
				"active_time": 0.1
			},
			"minecraft:emitter_shape_point": {},
			"minecraft:particle_lifetime_expression": {
				"max_lifetime": 0.1
			},
			"minecraft:particle_initial_speed": 0,
			"minecraft:particle_motion_dynamic": {},
			"minecraft:particle_appearance_billboard": {
				"size": [
					0.2,
					0.2
				],
				"facing_camera_mode": "rotate_xyz",
				"uv": {
					"texture_width": 256,
					"texture_height": 256,
					"uv": [
						80,
						16
					],
					"uv_size": [
						16,
						16
					]
				}
			}
		}
	}
}