{
    "format_version": "1.21.60",
    "minecraft:crafting_items_catalog": {
        "categories": [
            {
                "category_name": "equipment",
                "groups": [
                    {
                        "group_identifier": {
                            "name": "da:md_pen_group",
                            "icon": "da:md_pen_free"
                        },
                        "items": [
                            "da:md_pen_white",
                            "da:md_pen_gray",
                            "da:md_pen_black",
                            "da:md_pen_red",
                            "da:md_pen_orange",
                            "da:md_pen_yellow",
                            "da:md_pen_lime",
                            "da:md_pen_green",
                            "da:md_pen_mint",
                            "da:md_pen_cyan",
                            "da:md_pen_skyblue",
                            "da:md_pen_blue",
                            "da:md_pen_purple",
                            "da:md_pen_magenta",
                            "da:md_pen_pink",
                            "da:md_pen_free"
                        ]
                    }
                ]
            },
            {
                "category_name": "equipment",
                "groups": [
                    {
                        "group_identifier": {
                            "name": "da:act_item",
                            "icon": "da:d_fill"
                        },
                        "items": [
                            "da:d_fill",
                            "da:d_replace",
                            "da:d_cut",
                            "da:d_rotate",
                            "da:d_flip",
                            "da:d_copy",
                            "da:d_paste",
                            "da:d_circle",
                            "da:d_sector",
                            "da:d_ball",
                            "da:d_spherical",
                            "da:d_polygon",
                            "da:d_line",
                            "da:d_bezier",
                            "da:d_terrain",
                            "da:d_cave",
                            "da:d_frame",
                            "da:d_pattern",
                            "da:d_random",
                            "da:d_maze",
                            "da:d_cover",
                            "da:d_cover_random",
                            "da:d_cardboard",
                            "da:d_undo"
                        ]
                    }
                ]
            }
        ]
    }
}