{
	"texture_data": {
		"da_brush": {
			"textures": "textures/items/da_brush.png"
		},
		"da_art": {
			"textures": "textures/items/da_ArtSelector.png"
		},
		"da_other": {
			"textures": "textures/items/da_OtherSelector.png"
		},
		"da_automatic": {
			"textures": "textures/items/da_automatic.png"
		},
		"da_taskmanager": {
			"textures": "textures/items/da_taskmanager.png"
		},
		"da_about_me": {
			"textures": "textures/items/DA_about_me.png"
		},
		"da_chat": {
			"textures": "textures/items/DA_chat.png"
		},
		"da_camera": {
			"textures": "textures/items/da_camera.png"
		},
		"da_eyedropper": {
			"textures": "textures/items/DA_eyedropper.png"
		},
		"da_gc_bottle": {
			"textures": "textures/items/da_gc_bottle.png"
		},
		"da_heal_bottle": {
			"textures": "textures/items/da_heal_bottle.png"
		},
		"da_xp_bottle": {
			"textures": "textures/items/da_xp_bottle.png"
		},
		"da_tempspec_bottle": {
			"textures": "textures/items/da_tempspec_bottle.png"
		},
		"da_time_bottle": {
			"textures": "textures/items/da_time_bottle.png"
		},
		"da_cardboard": {
			"textures": "textures/items/da_cardboard.png"
		},
		"md_pen_white": {
			"textures": "textures/items/md_pen_white.png"
		},
		"md_pen_gray": {
			"textures": "textures/items/md_pen_gray.png"
		},
		"md_pen_black": {
			"textures": "textures/items/md_pen_black.png"
		},
		"md_pen_red": {
			"textures": "textures/items/md_pen_red.png"
		},
		"md_pen_orange": {
			"textures": "textures/items/md_pen_orange.png"
		},
		"md_pen_yellow": {
			"textures": "textures/items/md_pen_yellow.png"
		},
		"md_pen_lime": {
			"textures": "textures/items/md_pen_lime.png"
		},
		"md_pen_green": {
			"textures": "textures/items/md_pen_green.png"
		},
		"md_pen_mint": {
			"textures": "textures/items/md_pen_mint.png"
		},
		"md_pen_cyan": {
			"textures": "textures/items/md_pen_cyan.png"
		},
		"md_pen_skyblue": {
			"textures": "textures/items/md_pen_skyblue.png"
		},
		"md_pen_blue": {
			"textures": "textures/items/md_pen_blue.png"
		},
		"md_pen_purple": {
			"textures": "textures/items/md_pen_purple.png"
		},
		"md_pen_magenta": {
			"textures": "textures/items/md_pen_magenta.png"
		},
		"md_pen_pink": {
			"textures": "textures/items/md_pen_pink.png"
		},
		"md_pen_free": {
			"textures": "textures/items/md_pen_free.png"
		},
		"d_fill_icon": {
			"textures": "textures/icons/fill_icon.png"
		},
		"d_replace_icon": {
			"textures": "textures/icons/replace_icon.png"
		},
		"d_cut_icon": {
			"textures": "textures/icons/cut_icon.png"
		},
		"d_rotate_icon": {
			"textures": "textures/icons/rotate_icon.png"
		},
		"d_flip_icon": {
			"textures": "textures/icons/flip_icon.png"
		},
		"d_copy_icon": {
			"textures": "textures/icons/copy_icon.png"
		},
		"d_paste_icon": {
			"textures": "textures/icons/paste_icon.png"
		},
		"d_circle_icon": {
			"textures": "textures/icons/circle_icon.png"
		},
		"d_sector_icon": {
			"textures": "textures/icons/sector_icon.png"
		},
		"d_ball_icon": {
			"textures": "textures/icons/ball_icon.png"
		},
		"d_spherical_icon": {
			"textures": "textures/icons/spherical_icon.png"
		},
		"d_polygon_icon": {
			"textures": "textures/icons/polygon_icon.png"
		},
		"d_line_icon": {
			"textures": "textures/icons/line_icon.png"
		},
		"d_bezier_icon": {
			"textures": "textures/icons/bezier_icon.png"
		},
		"d_terrain_icon": {
			"textures": "textures/icons/terrain_icon.png"
		},
		"d_cave_icon": {
			"textures": "textures/icons/cave_icon.png"
		},
		"d_frame_icon": {
			"textures": "textures/icons/frame_icon.png"
		},
		"d_pattern_icon": {
			"textures": "textures/icons/pattern_icon.png"
		},
		"d_random_icon": {
			"textures": "textures/icons/random_icon.png"
		},
		"d_maze_icon": {
			"textures": "textures/icons/maze_icon.png"
		},
		"d_cover_icon": {
			"textures": "textures/icons/cover_icon.png"
		},
		"d_cover_random_icon": {
			"textures": "textures/icons/cover_random_icon.png"
		},
		"d_cardboard_icon": {
			"textures": "textures/icons/cardboard_icon.png"
		},
		"d_undo_icon": {
			"textures": "textures/icons/undo_icon.png"
		}
	}
}