{
	"format_version": "1.10.0",
	"particle_effect": {
		"description": {
			"identifier": "DA:purple_pointer_vec",
			"basic_render_parameters": {
				"material": "particles_add",
				"texture": "textures/particle/particles"
			}
		},
		"components": {
			"minecraft:emitter_initialization": {
				"creation_expression": "variable.size = 0.06;variable.lifetime = 1.1;"
			},
			"minecraft:emitter_rate_steady": {
				"spawn_rate": 25,
				"max_particles": 1
			},
			"minecraft:emitter_lifetime_once": {
				"active_time": 1
			},
			"minecraft:emitter_shape_point": {
				"offset": ["math.sin(variable.emitter_age*70-90)*0", 0, 0]
			},
			"minecraft:particle_lifetime_expression": {
				"max_lifetime": 1.1
			},
			"minecraft:particle_initial_speed": 0,
			"minecraft:particle_motion_dynamic": {
				"linear_drag_coefficient": 0.2
			},
			"minecraft:particle_appearance_billboard": {
				"size": [0.25, 2],
				"facing_camera_mode": "rotate_y",
				"uv": {
					"texture_width": 128,
					"texture_height": 128,
					"uv": [32, 16],
					"uv_size": [32, 32]
				}
			},
			"minecraft:particle_appearance_tinting": {
				"color": [0.92157, 0, 1, 1]
			}
		}
	}
}