{
	"texture_data": {
		"da_brush": {
			"textures": "textures/items/da_brush.png"
		},
		"da_art": {
			"textures": "textures/items/da_ArtSelector.png"
		},
		"da_other": {
			"textures": "textures/items/da_OtherSelector.png"
		},
		"da_automatic": {
			"textures": "textures/items/da_automatic.png"
		},
		"da_taskmanager": {
			"textures": "textures/items/da_taskmanager.png"
		},
		"da_about_me": {
			"textures": "textures/items/DA_about_me.png"
		},
		"da_chat": {
			"textures": "textures/items/DA_chat.png"
		},
		"da_camera": {
			"textures": "textures/items/da_camera.png"
		},
		"da_eyedropper": {
			"textures": "textures/items/DA_eyedropper.png"
		},
		"da_gc_bottle": {
			"textures": "textures/items/da_gc_bottle.png"
		},
		"da_heal_bottle": {
			"textures": "textures/items/da_heal_bottle.png"
		},
		"da_xp_bottle": {
			"textures": "textures/items/da_xp_bottle.png"
		},
		"da_tempspec_bottle": {
			"textures": "textures/items/da_tempspec_bottle.png"
		},
		"da_time_bottle": {
			"textures": "textures/items/da_time_bottle.png"
		}
	}
}