{
	"format_version": "1.10.0",
	"particle_effect": {
		"description": {
			"identifier": "DA:ads_INVULNERABLE",
			"basic_render_parameters": {
				"material": "particles_alpha",
				"texture": "textures/particles/da_ats"
			}
		},
		"components": {
			"minecraft:emitter_rate_instant": {
				"num_particles": 1
			},
			"minecraft:emitter_lifetime_once": {
				"active_time": 1
			},
			"minecraft:emitter_shape_point": {
				"direction": [
					0,
					1,
					0
				]
			},
			"minecraft:particle_lifetime_expression": {
				"max_lifetime": 2.5
			},
			"minecraft:particle_initial_speed": 6,
			"minecraft:particle_motion_dynamic": {
				"linear_acceleration": [
					0,
					-10,
					0
				],
				"linear_drag_coefficient": 1
			},
			"minecraft:particle_appearance_billboard": {
				"size": [
					1.88,
					0.2
				],
				"facing_camera_mode": "rotate_xyz",
				"uv": {
					"texture_width": 562,
					"texture_height": 687,
					"uv": [
						2,
						626
					],
					"uv_size": [
						509,
						59
					]
				}
			},
			"minecraft:particle_motion_collision": {
				"coefficient_of_restitution": 0.9
			},
			"minecraft:particle_appearance_tinting": {
				"color": {
					"interpolant": "v.particle_age / v.particle_lifetime",
					"gradient": {
						"0.0": "#FF780000",
						"0.17": "#FFADB500",
						"0.39": "#FF00A319",
						"0.58": "#FF009790",
						"0.8": "#FF000290",
						"1.0": "#FFA90000"
					}
				}
			}
		}
	}
}